month,Cancellation Rate (%)
2024-07,4.567639745832949
2024-08,5.117475042855702
2024-09,12.076157628580084
2024-10,14.096916299559473
