month,Average Wait Time
2024-07,4.504457132332627
2024-08,4.5055661994554805
2024-09,9.580100673486985
2024-10,11.022041697561827
