rider_segment,Total_Trips,Avg_Distance,Avg_Fare,Avg_Wait_Time,Avg_Rating,Cancellation_Rate (%)
Budget,26614,6.020598557150372,149.66370782295033,7.98899075674457,3.732697076726535,9.825655669948148
Premium,51421,6.01227261235682,151.16304914334611,8.251603430505046,3.7082709398883726,10.143715602574824
Regular,61257,6.0166909904174215,151.35820869451652,8.280072481512317,3.7058948365084805,10.35147003607751
